{"focalX": 524.1430206298828, "distortion": [0.0, 0.0, 0.0, 0.0, 0.0], "centerY": 240, "focalY": 524.1430206298828, "height": 480, "width": 640, "centerX": 320}