{"focalX": 400.50740740740736, "distortion": [0.0, 0.0, 0.0, 0.0, 0.0], "centerY": 200, "focalY": 400.50740740740736, "height": 400, "width": 711, "centerX": 355.55555555555554}